{
  "Total" : {
    "transaction" : "Total",
    "sampleCount" : 45,
    "errorCount" : 30,
    "errorPct" : 66.666664,
    "meanResTime" : 6.822222222222222,
    "medianResTime" : 5.0,
    "minResTime" : 2.0,
    "maxResTime" : 72.0,
    "pct1ResTime" : 8.399999999999999,
    "pct2ResTime" : 15.799999999999983,
    "pct3ResTime" : 72.0,
    "throughput" : 5.708486616770266,
    "receivedKBytesPerSec" : 3.632842231701129,
    "sentKBytesPerSec" : 0.8826598772675377
  },
  "GET API Root" : {
    "transaction" : "GET API Root",
    "sampleCount" : 15,
    "errorCount" : 0,
    "errorPct" : 0.0,
    "meanResTime" : 10.133333333333331,
    "medianResTime" : 4.0,
    "minResTime" : 2.0,
    "maxResTime" : 72.0,
    "pct1ResTime" : 39.00000000000002,
    "pct2ResTime" : 72.0,
    "pct3ResTime" : 72.0,
    "throughput" : 1.9057298945496124,
    "receivedKBytesPerSec" : 1.336244203404904,
    "sentKBytesPerSec" : 0.21588346461694827
  },
  "POST Login User" : {
    "transaction" : "POST Login User",
    "sampleCount" : 15,
    "errorCount" : 15,
    "errorPct" : 100.0,
    "meanResTime" : 4.866666666666667,
    "medianResTime" : 4.0,
    "minResTime" : 3.0,
    "maxResTime" : 8.0,
    "pct1ResTime" : 7.4,
    "pct2ResTime" : 8.0,
    "pct3ResTime" : 8.0,
    "throughput" : 1.9240636223704464,
    "receivedKBytesPerSec" : 1.1593234912134427,
    "sentKBytesPerSec" : 0.33445637185736277
  },
  "POST Register User" : {
    "transaction" : "POST Register User",
    "sampleCount" : 15,
    "errorCount" : 15,
    "errorPct" : 100.0,
    "meanResTime" : 5.466666666666667,
    "medianResTime" : 5.0,
    "minResTime" : 3.0,
    "maxResTime" : 9.0,
    "pct1ResTime" : 8.4,
    "pct2ResTime" : 9.0,
    "pct3ResTime" : 9.0,
    "throughput" : 1.9230769230769231,
    "receivedKBytesPerSec" : 1.1643629807692308,
    "sentKBytesPerSec" : 0.3399188701923077
  }
}